Batch_ID,Course_Code
CSE_A1,CSE301
CSE_A1,CSE302
CSE_A1,CSE303
CSE_A1,CSE304
CSE_A1,CSE305
CSE_A1,CSE306
CSE_A1,CSE307
CSE_A2,CSE301
CSE_A2,CSE302
CSE_A2,CSE303
CSE_A2,CSE304
CSE_A2,CSE305
CSE_A2,CSE306
CSE_A2,CSE307
CSE_A3,CSE301
CSE_A3,CSE302
CSE_A3,CSE303
CSE_A3,CSE304
CSE_A3,CSE305
CSE_A3,CSE306
CSE_A3,CSE307
CSE_A4,CSE301
CSE_A4,CSE302
CSE_A4,CSE303
CSE_A4,CSE304
CSE_A4,CSE305
CSE_A4,CSE306
CSE_A4,CSE307
CSE_A5,CSE301
CSE_A5,CSE302
CSE_A5,CSE303
CSE_A5,CSE304
CSE_A5,CSE305
CSE_A5,CSE306
CSE_A5,CSE307
CSE_B1,CSE301
CSE_B1,CSE302
CSE_B1,CSE303
CSE_B1,CSE304
CSE_B1,CSE305
CSE_B1,CSE306
CSE_B1,CSE307
CSE_B2,CSE301
CSE_B2,CSE302
CSE_B2,CSE303
CSE_B2,CSE304
CSE_B2,CSE305
CSE_B2,CSE306
CSE_B2,CSE307
CSE_B3,CSE301
CSE_B3,CSE302
CSE_B3,CSE303
CSE_B3,CSE304
CSE_B3,CSE305
CSE_B3,CSE306
CSE_B3,CSE307
CSE_B4,CSE301
CSE_B4,CSE302
CSE_B4,CSE303
CSE_B4,CSE304
CSE_B4,CSE305
CSE_B4,CSE306
CSE_B4,CSE307
CSE_B5,CSE301
CSE_B5,CSE302
CSE_B5,CSE303
CSE_B5,CSE304
CSE_B5,CSE305
CSE_B5,CSE306
CSE_B5,CSE307
CSE_C1,CSE301
CSE_C1,CSE302
CSE_C1,CSE303
CSE_C1,CSE304
CSE_C1,CSE305
CSE_C1,CSE306
CSE_C1,CSE307
CSE_C2,CSE301
CSE_C2,CSE302
CSE_C2,CSE303
CSE_C2,CSE304
CSE_C2,CSE305
CSE_C2,CSE306
CSE_C2,CSE307
CSE_C3,CSE301
CSE_C3,CSE302
CSE_C3,CSE303
CSE_C3,CSE304
CSE_C3,CSE305
CSE_C3,CSE306
CSE_C3,CSE307
CSE_C4,CSE301
CSE_C4,CSE302
CSE_C4,CSE303
CSE_C4,CSE304
CSE_C4,CSE305
CSE_C4,CSE306
CSE_C4,CSE307
CSE_C5,CSE301
CSE_C5,CSE302
CSE_C5,CSE303
CSE_C5,CSE304
CSE_C5,CSE305
CSE_C5,CSE306
CSE_C5,CSE307
CSE_D1,CSE301
CSE_D1,CSE302
CSE_D1,CSE303
CSE_D1,CSE304
CSE_D1,CSE305
CSE_D1,CSE306
CSE_D1,CSE307
CSE_D2,CSE301
CSE_D2,CSE302
CSE_D2,CSE303
CSE_D2,CSE304
CSE_D2,CSE305
CSE_D2,CSE306
CSE_D2,CSE307
CSE_D3,CSE301
CSE_D3,CSE302
CSE_D3,CSE303
CSE_D3,CSE304
CSE_D3,CSE305
CSE_D3,CSE306
CSE_D3,CSE307
CSE_D4,CSE301
CSE_D4,CSE302
CSE_D4,CSE303
CSE_D4,CSE304
CSE_D4,CSE305
CSE_D4,CSE306
CSE_D4,CSE307
CSE_D5,CSE301
CSE_D5,CSE302
CSE_D5,CSE303
CSE_D5,CSE304
CSE_D5,CSE305
CSE_D5,CSE306
CSE_D5,CSE307
