{
    "time_slots": {
        "start_time": "09:00",
        "end_time": "17:00",
        "period_duration": 60,
        "breaks": [
            "13:00-14:00"
        ]
    },
    "student_constraints": {
        "max_daily_hours": 5,
        "max_weekly_hours": 25,
        "no_parallel_classes": true
    },
    "faculty_constraints": {
        "max_weekly_hours": 12,
        "respect_availability": true,
        "no_parallel_classes": true
    },
    "room_constraints": {
        "no_overbooking": true,
        "labs_only_for_practicals": true,
        "match_room_capacity": true
    },
    "course_constraints": {
        "schedule_core_first": true,
        "respect_theory_lab_split": true,
        "electives_flexible": true,
        "common_value_added_slots": true
    },
    "holiday_constraints": {
        "weekly_holidays": [
            "Sunday"
        ],
        "restricted_dates": [
            "2025-08-15",
            "2025-10-02",
            "2026-01-26"
        ]
    }
}