Faculty_ID,Faculty_Name,Expertise,Max_Load_Hours,Availability
F001,Dr. Rakesh Sharma,Data Structures,12,Mon-Fri 09:00-17:00
F002,Dr. Neha Kapoor,DBMS,10,Mon-Fri 10:00-16:00
F003,Prof. Arjun Menon,Operating Systems,10,Mon-Fri 09:00-15:00
F004,Dr. Priya Mehta,Computer Networks,12,Mon-Fri 09:00-17:00
F005,Dr. Shubham Rao,AI & ML,14,Mon-Fri 09:00-17:00
F006,Prof. Kavita Singh,Web Development,10,Mon-Fri 10:00-17:00
F007,Dr. Rohit Sinha,Probability & Statistics,8,Tue-Sat 09:00-15:00
F008,Dr. Smita Nair,Python Programming,12,Mon-Fri 09:00-17:00
